3_NDVI-C0/date,3_NDVI-C0/min,3_NDVI-C0/max,3_NDVI-C0/mean,3_NDVI-C0/stDev,3_NDVI-C0/sampleCount,3_NDVI-C0/noDataCount,3_NDVI-C0/median,3_NDVI-C0/p10,3_NDVI-C0/p90,3_NDVI-C0/cloudCoveragePercent
2019-03-17T00:00:00.000Z,0.34826526045799255,0.7100053429603577,0.5500084569790217,0.09209617059699202,540,242,0.5513284802436829,0.4192708432674408,0.6721904277801514,0
2019-03-22T00:00:00.000Z,0.34131163358688354,0.7761891484260559,0.5720528117162264,0.10801014241046684,540,242,0.574266791343689,0.4107300043106079,0.7139514684677124,0
2019-04-01T00:00:00.000Z,0.006655994802713394,0.02694380283355713,0.016342790383258015,0.00413958601939133,540,242,0.01628047227859497,0.010627126321196556,0.02196243591606617,0
2019-04-11T00:00:00.000Z,0.4725116789340973,0.8902700543403625,0.6962812086879806,0.10982187668007026,540,242,0.7045990824699402,0.5435068011283875,0.8461925387382507,0
2019-04-26T00:00:00.000Z,0.5166266560554504,0.8340461850166321,0.6986977998042263,0.07666503287223733,540,242,0.7085320353507996,0.5940959453582764,0.8003510236740112,1.0067114093959724
2019-05-01T00:00:00.000Z,0.6100665330886841,0.9078537821769714,0.7769751322749483,0.0686913711488432,540,242,0.7860669493675232,0.687336802482605,0.8606902360916138,0
2019-05-11T00:00:00.000Z,0.6909307837486267,0.9348430633544922,0.8384338559320311,0.04991125717841993,540,242,0.8477251529693604,0.7736196517944336,0.899594783782959,0
2019-05-16T00:00:00.000Z,0.6928308010101318,0.9154127836227417,0.833616476530997,0.04424891810032751,540,242,0.8397451639175415,0.7759162187576294,0.8885999321937561,0
2019-05-21T00:00:00.000Z,0.7018492221832275,0.912826418876648,0.8431981855990902,0.0379349357185529,540,242,0.8510082960128784,0.7949147820472717,0.8876068592071533,0
2019-05-31T00:00:00.000Z,0.6153232455253601,0.7765758037567139,0.7173866775611901,0.030831718774990913,540,242,0.721433699131012,0.6785340309143066,0.7535804510116577,0
2019-06-10T00:00:00.000Z,0.7476244568824768,0.8693877458572388,0.8200881457168777,0.022922641881299895,540,242,0.8212516903877258,0.7897016406059265,0.8496299386024475,0
2019-06-15T00:00:00.000Z,0.5279970169067383,0.7615759372711182,0.7121227839649126,0.029016729673838223,540,242,0.7160053253173828,0.6810545325279236,0.7446808218955994,0
2019-06-20T00:00:00.000Z,0.6298217177391052,0.8061737418174744,0.7579936735182004,0.023606411603113244,540,242,0.7616316080093384,0.7271631956100464,0.7857142686843872,0
2019-06-25T00:00:00.000Z,0.6258620619773865,0.8562537431716919,0.8154505229236293,0.026662738523206605,540,242,0.8193146586418152,0.7868852615356445,0.842318594455719,0
2019-06-30T00:00:00.000Z,0.5723064541816711,0.8244243264198303,0.7803965294921157,0.029245276798424508,540,242,0.7837713360786438,0.7494703531265259,0.8079538345336914,0
2019-07-05T00:00:00.000Z,0.5192837715148926,0.8488643765449524,0.8032810786026437,0.03409268011919744,540,242,0.8080037832260132,0.7765362858772278,0.8344594836235046,0
2019-07-15T00:00:00.000Z,0.46485260128974915,0.8848101496696472,0.8279393017292019,0.043521834718322085,540,242,0.8316929340362549,0.7991569638252258,0.8644434809684753,0
2019-07-20T00:00:00.000Z,0.49910768866539,0.825234591960907,0.7668915331963722,0.03382107904833412,540,242,0.7669115662574768,0.7395989298820496,0.8016488552093506,0
2019-07-25T00:00:00.000Z,0.5539251565933228,0.881154477596283,0.82430904943671,0.03495362129854889,540,242,0.8249087929725647,0.7988911271095276,0.8602150678634644,0
2019-07-30T00:00:00.000Z,0.572139322757721,0.8670212626457214,0.8133096580937405,0.029812174502931072,540,242,0.8143322467803955,0.788767397403717,0.8473860025405884,0
2019-08-04T00:00:00.000Z,0.4392298460006714,0.8060153722763062,0.7400700294931463,0.04053084788456734,540,242,0.7421066761016846,0.7082115411758423,0.7802625298500061,0
2019-08-09T00:00:00.000Z,0.5477463603019714,0.8676337003707886,0.8089224818168873,0.031408285999568276,540,242,0.8099173307418823,0.7792438268661499,0.8479272723197937,0
2019-08-14T00:00:00.000Z,0.3521709144115448,0.7836110591888428,0.7065117407165119,0.04603922283683074,540,242,0.7102335691452026,0.6759480237960815,0.7521908283233643,0
2019-08-19T00:00:00.000Z,0.528790295124054,0.8159346580505371,0.7519522247298452,0.033664323377213035,540,242,0.7517926096916199,0.7189473509788513,0.7945891618728638,0
2019-08-24T00:00:00.000Z,0.4957331120967865,0.8496166467666626,0.7720048114557396,0.039372340703801516,540,242,0.774279773235321,0.7398205399513245,0.8143571019172668,0
2019-08-29T00:00:00.000Z,0.3935162127017975,0.7414235472679138,0.6676543045964017,0.03683494478024046,540,242,0.6679204702377319,0.6314935088157654,0.7127713561058044,0
2019-09-03T00:00:00.000Z,0.4227188229560852,0.8285173177719116,0.7566283625244292,0.04301194834918138,540,242,0.756819486618042,0.7249705791473389,0.8029505014419556,0
2019-09-08T00:00:00.000Z,0.40966010093688965,0.7483659982681274,0.6735980233690084,0.04100727534518445,540,242,0.6722207069396973,0.6395412087440491,0.7212367057800293,0
2019-09-13T00:00:00.000Z,0.33247753977775574,0.8492693901062012,0.7651574586661872,0.05218135963812808,540,242,0.7670286297798157,0.7327103018760681,0.8182289004325867,0
2019-09-18T00:00:00.000Z,0.5526121854782104,0.8406787514686584,0.7522702867152705,0.0378524411955093,540,242,0.747802197933197,0.7154078483581543,0.8055842518806458,0
2019-09-23T00:00:00.000Z,0.4659270942211151,0.8351365327835083,0.7514109262484031,0.047119549679548234,540,242,0.749502956867218,0.7113276720046997,0.8036303520202637,0
2019-09-28T00:00:00.000Z,0.3963681757450104,0.7875347137451172,0.6925158343659147,0.04570924893206307,540,242,0.6858064532279968,0.6494713425636292,0.7505747079849243,0
2019-10-08T00:00:00.000Z,0.40602007508277893,0.7635392546653748,0.6584785950663898,0.04825204140542347,540,242,0.6495105624198914,0.6120448112487793,0.7222058176994324,0
2019-10-13T00:00:00.000Z,0.41455939412117004,0.7781985402107239,0.6524778473497241,0.055052377828694904,540,242,0.6473719477653503,0.5974892377853394,0.7245613932609558,0
2019-10-28T00:00:00.000Z,0.26283523440361023,0.7381203770637512,0.6034041945166234,0.06388769545031056,540,242,0.6050874590873718,0.542678713798523,0.6799769997596741,0
2019-11-07T00:00:00.000Z,0.24110141396522522,0.6787564754486084,0.5534755232550155,0.06493845281446577,540,242,0.557397186756134,0.47697713971138,0.6348645687103271,0
2019-11-12T00:00:00.000Z,0.4545454680919647,0.8129496574401855,0.6877716126657973,0.06440027877702025,540,242,0.6899510025978088,0.6078576445579529,0.7760047316551208,0
2019-11-17T00:00:00.000Z,0.5735711455345154,0.8398220539093018,0.7126592009659578,0.06257539972445104,540,242,0.7102272510528564,0.6334124803543091,0.8028169274330139,2.0134228187919447
2019-11-27T00:00:00.000Z,0.24346917867660522,0.7458438873291016,0.6164447182176905,0.07535728354628728,540,242,0.6264311671257019,0.5184112787246704,0.7047440409660339,0
2019-12-07T00:00:00.000Z,0.36828309297561646,0.8392422199249268,0.6844954956697937,0.08149906885082127,540,242,0.6904834508895874,0.5723612904548645,0.7900662422180176,0
2019-12-17T00:00:00.000Z,0.33462658524513245,0.7931858897209167,0.6350783328681985,0.0886922894552183,540,242,0.6450892686843872,0.5089986324310303,0.7384988069534302,0
2019-12-22T00:00:00.000Z,0.3181242048740387,0.8084455132484436,0.6467143991249518,0.09510851801679303,540,242,0.6592386364936829,0.5153177976608276,0.7613716125488281,0
2020-01-01T00:00:00.000Z,0.12273212522268295,0.6698412895202637,0.514478077699474,0.0977461095371566,540,242,0.5375218391418457,0.37142857909202576,0.6155938506126404,0
2020-01-06T00:00:00.000Z,0.21451103687286377,0.7762237787246704,0.6162796307030132,0.1088547299705719,540,242,0.6419700384140015,0.4615384638309479,0.7342657446861267,0
2020-01-11T00:00:00.000Z,-0.1572629064321518,0.6854315996170044,0.5119395746018158,0.1415436896637027,540,242,0.5535513162612915,0.33507853746414185,0.6366187334060669,0
2020-01-21T00:00:00.000Z,-0.15294118225574493,0.7568010687828064,0.5806832276159684,0.13820957888160018,540,242,0.6227810382843018,0.40867024660110474,0.6995437145233154,0
2020-01-26T00:00:00.000Z,0.001490312977693975,0.7275934815406799,0.5624990176839983,0.11976158381359532,540,242,0.5995085835456848,0.3966720402240753,0.6736959218978882,0
2020-01-31T00:00:00.000Z,-0.02476780116558075,0.7053108811378479,0.5477404270146119,0.12005644691991901,540,242,0.5825385451316833,0.38844984769821167,0.6561455726623535,0
2020-02-05T00:00:00.000Z,0.16334661841392517,0.7005630731582642,0.5368818670211225,0.10483391128610355,540,242,0.5632364749908447,0.38587361574172974,0.6439790725708008,0
2020-02-25T00:00:00.000Z,0.18728120625019073,0.5670166611671448,0.42869793428670644,0.07395495605885279,540,242,0.4393991231918335,0.32069382071495056,0.5099771022796631,0
2020-03-11T00:00:00.000Z,0.28473803400993347,0.722988486289978,0.558075875843932,0.10307229217421567,540,242,0.5751824975013733,0.4021381437778473,0.6733618974685669,0
2020-03-16T00:00:00.000Z,0.2734922766685486,0.6972798109054565,0.5165756867835981,0.09361226712259388,540,242,0.5225645899772644,0.37903517484664917,0.6341984868049622,0
2020-03-26T00:00:00.000Z,0.33392858505249023,0.7553805708885193,0.5783651371130207,0.10169866925811955,540,242,0.5888699889183044,0.43618419766426086,0.7133496999740601,0.6711409395973154
2020-04-15T00:00:00.000Z,0.3925798237323761,0.8757764101028442,0.7307305381002043,0.08059072461692295,540,242,0.7369925379753113,0.620413601398468,0.8283321857452393,0
2020-04-20T00:00:00.000Z,0.3465859889984131,0.8567059636116028,0.7381957890403346,0.070775995442224,540,242,0.7504159808158875,0.6485757231712341,0.815341591835022,0
2020-04-25T00:00:00.000Z,0.4004656672477722,0.796501100063324,0.696643557624529,0.05313642189329224,540,242,0.7010613083839417,0.6360964179039001,0.7630763053894043,0
2020-04-30T00:00:00.000Z,0.4409448802471161,0.8900821208953857,0.8084246927259754,0.056533513842573095,540,242,0.8202424645423889,0.748968780040741,0.8647044897079468,0
2020-05-10T00:00:00.000Z,0.2834067642688751,0.825352132320404,0.7409524885600043,0.058610534151921,540,242,0.7507036328315735,0.6934865713119507,0.7930530309677124,0
2020-05-20T00:00:00.000Z,0.44234800338745117,0.8785374760627747,0.8157584536195599,0.05001832633821032,540,242,0.8278611898422241,0.777076780796051,0.8511687517166138,0
2020-05-25T00:00:00.000Z,0.5794562101364136,0.8773322701454163,0.8326408749058744,0.03425718561651328,540,242,0.8414956331253052,0.7965642213821411,0.8623967170715332,0
2020-05-30T00:00:00.000Z,0.49229374527931213,0.9070317149162292,0.8563132807112378,0.04599911750961861,540,242,0.8677074909210205,0.8207597732543945,0.8876492381095886,0
2020-06-04T00:00:00.000Z,0.6009644269943237,0.9016329050064087,0.8593300804995849,0.031644941279556006,540,242,0.8676207661628723,0.8294768333435059,0.8868229389190674,0
2020-06-09T00:00:00.000Z,0.5555555820465088,0.8771152496337891,0.8312767724062773,0.03622715936461781,540,242,0.839907705783844,0.8028766512870789,0.8581618070602417,0
2020-06-14T00:00:00.000Z,0.6505222916603088,0.8874852061271667,0.8463745133188741,0.026068896525783848,540,242,0.8507462739944458,0.8205069899559021,0.8712241649627686,0
2020-06-19T00:00:00.000Z,0.5815423727035522,0.8828034996986389,0.8392465378614083,0.02899614977204003,540,242,0.842318594455719,0.8164860010147095,0.8667187690734863,0
2020-06-24T00:00:00.000Z,0.7076547145843506,0.8795430660247803,0.8310233570585319,0.021874014615731147,540,242,0.8318994045257568,0.8078092336654663,0.8577887415885925,0
2020-06-29T00:00:00.000Z,0.4815180003643036,0.7953808903694153,0.7474535694658352,0.031637053172559916,540,242,0.7506530284881592,0.7216690182685852,0.7762142419815063,0
2020-07-04T00:00:00.000Z,0.661335825920105,0.8584983348846436,0.8088376956098029,0.02372825807497807,540,242,0.8104072213172913,0.7835025787353516,0.8372749090194702,0
2020-07-09T00:00:00.000Z,0.5226796865463257,0.8465161919593811,0.7927979082869205,0.030851914732924694,540,242,0.7933317422866821,0.7641531825065613,0.8247634768486023,0
2020-07-14T00:00:00.000Z,0.6747573018074036,0.855466365814209,0.8028482354727366,0.024890767378177088,540,242,0.8043853044509888,0.773785412311554,0.8352941274642944,0
2020-07-19T00:00:00.000Z,0.6564551591873169,0.8614159822463989,0.8008233036770914,0.026180374612385666,540,242,0.8012150526046753,0.7705701589584351,0.8344671130180359,0
2020-07-24T00:00:00.000Z,0.7359934449195862,0.8653156161308289,0.8042035348863413,0.024849042441936583,540,242,0.8035182952880859,0.7733079791069031,0.8394322395324707,0
2020-07-29T00:00:00.000Z,0.4525139629840851,0.7151111364364624,0.6475378427929526,0.030629999894955472,540,242,0.6452521085739136,0.6150417923927307,0.68731290102005,0
2020-08-03T00:00:00.000Z,0.6997730135917664,0.8591485619544983,0.7986424077277217,0.028416969046345646,540,242,0.797704815864563,0.7628374695777893,0.8368663787841797,0
2020-08-08T00:00:00.000Z,0.5653923749923706,0.8010690212249756,0.7343102851570048,0.031015198801381986,540,242,0.733709454536438,0.7012536525726318,0.7734674215316772,0
2020-08-13T00:00:00.000Z,0.6536502838134766,0.8525450825691223,0.7834036818286715,0.03004667593324456,540,242,0.781721830368042,0.75,0.8243334293365479,0
2020-08-18T00:00:00.000Z,0.5708812475204468,0.8760939836502075,0.7869757159844343,0.034474303503367366,540,242,0.7893394827842712,0.7509599328041077,0.8293864130973816,0
2020-08-23T00:00:00.000Z,0.6257372498512268,0.845008134841919,0.7686972344081673,0.031185742723184674,540,242,0.7668085098266602,0.7339397668838501,0.8093104362487793,0
2020-08-28T00:00:00.000Z,0.5158407688140869,0.8401135206222534,0.7576464318589077,0.03620130865450963,540,242,0.755603015422821,0.722305178642273,0.8040712475776672,0
2020-09-02T00:00:00.000Z,0.5237608551979065,0.7747408151626587,0.6907403857115935,0.03309646963833579,540,242,0.68815678358078,0.6574719548225403,0.7343173623085022,0
2020-09-07T00:00:00.000Z,0.3324573040008545,0.7528470754623413,0.6616188144723838,0.04308974255104651,540,242,0.6621912121772766,0.6243420839309692,0.7112037539482117,0
2020-09-12T00:00:00.000Z,0.5257510542869568,0.7663043737411499,0.68299471231915,0.032887045454727294,540,242,0.6817535161972046,0.6495122909545898,0.7300546169281006,0
2020-09-17T00:00:00.000Z,0.4836829900741577,0.7547619342803955,0.6697541709314259,0.037103713710497734,540,242,0.6687862873077393,0.6310985088348389,0.719735860824585,0
2020-09-22T00:00:00.000Z,0.54288649559021,0.7728628516197205,0.695155916197988,0.032145116325143816,540,242,0.6938227415084839,0.6596803069114685,0.7407202124595642,0
2020-09-27T00:00:00.000Z,0.5390121936798096,0.8302565217018127,0.7353112095554406,0.040513475876881574,540,242,0.7321212291717529,0.6908536553382874,0.790536642074585,0
2020-10-02T00:00:00.000Z,0.590531051158905,0.8050952553749084,0.7218676749491851,0.03571460905851588,540,242,0.7186357975006104,0.6775444149971008,0.7714440822601318,0
2020-10-07T00:00:00.000Z,0.5729386806488037,0.8186812996864319,0.7269509706721212,0.039997323877068176,540,242,0.7226599454879761,0.6775626540184021,0.7845154404640198,0
2020-10-12T00:00:00.000Z,0.5605351328849792,0.7380502223968506,0.6526668685794674,0.03430845698250796,540,242,0.6527196764945984,0.6094339489936829,0.6966224312782288,0
2020-10-17T00:00:00.000Z,0.6550202369689941,0.8249441981315613,0.733157182699882,0.03832590831372752,540,242,0.7302237749099731,0.6875808835029602,0.7889108061790466,0
2020-10-22T00:00:00.000Z,0.5609498620033264,0.7497771382331848,0.6560616787248011,0.04169874758346404,540,242,0.6521464586257935,0.6060606241226196,0.7172706723213196,0
2020-10-27T00:00:00.000Z,0.5403087735176086,0.7988101840019226,0.6917431026497147,0.04698244555423284,540,242,0.6900185942649841,0.6334180235862732,0.7576477527618408,0
2020-11-01T00:00:00.000Z,0.18932655453681946,0.333672434091568,0.27999633315625605,0.023124425998281545,540,242,0.28143712878227234,0.2525014579296112,0.31015753746032715,0
2020-11-06T00:00:00.000Z,0.3483366072177887,0.7869249582290649,0.6641934201021328,0.06720281987752619,540,242,0.6585865616798401,0.5965559482574463,0.7509871125221252,0
2020-11-16T00:00:00.000Z,0.4427609443664551,0.7585784196853638,0.6475224894965258,0.053871719547880635,540,242,0.6409423351287842,0.581092119216919,0.7247132658958435,0
2020-12-01T00:00:00.000Z,0.41912421584129333,0.7350555658340454,0.6136639898255363,0.06319993994635367,540,242,0.6101891398429871,0.5336003303527832,0.6983486413955688,0
2020-12-06T00:00:00.000Z,0.22826087474822998,0.6428366303443909,0.525828648133566,0.061436864710110645,540,242,0.5268650650978088,0.4492531716823578,0.603120744228363,0
2020-12-11T00:00:00.000Z,0.4507269859313965,0.7340526580810547,0.5897684874350588,0.05935921915196628,540,242,0.5870864987373352,0.5148515105247498,0.6735263466835022,0
2020-12-21T00:00:00.000Z,0.39276617765426636,0.6880607604980469,0.5471095614785317,0.06379304106937965,540,242,0.5464968085289001,0.4635593295097351,0.6341948509216309,0
2020-12-26T00:00:00.000Z,0.23117569088935852,0.6836699843406677,0.5442569149820599,0.06912987570739845,540,242,0.5481171607971191,0.46018892526626587,0.6364399790763855,0
2020-12-31T00:00:00.000Z,0.3679935038089752,0.6664478182792664,0.5345122113123838,0.0631826052256346,540,242,0.5385245680809021,0.4455084502696991,0.6188835501670837,0
2021-01-05T00:00:00.000Z,0.12938816845417023,0.6067796349525452,0.4887576542744699,0.06895461581333169,540,242,0.49399518966674805,0.4042194187641144,0.5702857375144958,0
2021-01-10T00:00:00.000Z,0.2456575632095337,0.6506068110466003,0.5219139126723243,0.06838840073315927,540,242,0.526566207408905,0.43530499935150146,0.6106705069541931,0
2021-01-15T00:00:00.000Z,0.19298245012760162,0.6342899203300476,0.5207712159760843,0.06703721687731748,540,242,0.5281545519828796,0.43392691016197205,0.6010324358940125,0
2021-02-04T00:00:00.000Z,0.23035229742527008,0.5224014520645142,0.4313264455671278,0.05467135149558522,540,242,0.4397299885749817,0.35326087474823,0.4961636960506439,0
2021-02-09T00:00:00.000Z,0.30016225576400757,0.6466346383094788,0.5146709628553199,0.06971509133952222,540,242,0.525088906288147,0.4160899519920349,0.5979583859443665,0
2021-02-14T00:00:00.000Z,0.17319847643375397,0.6360123753547668,0.5133956896278677,0.07139250440641833,540,242,0.5232397317886353,0.41499266028404236,0.5941404700279236,0
2021-02-24T00:00:00.000Z,0.21484375,0.6482479572296143,0.4987922802867505,0.07709868430829377,540,242,0.5038321614265442,0.39114391803741455,0.5916044116020203,0
2021-03-06T00:00:00.000Z,0.3224755823612213,0.7177952527999878,0.5372884918579317,0.08574247758882687,540,242,0.5393893718719482,0.42580917477607727,0.6491732597351074,0
2021-03-21T00:00:00.000Z,0.3532710373401642,0.8088279962539673,0.6031143433295644,0.10222936605951347,540,242,0.605091392993927,0.46246370673179626,0.7353723645210266,0
2021-03-26T00:00:00.000Z,0.44528302550315857,1,0.8239322005702343,0.09805577201075326,540,242,0.8303821086883545,0.696703314781189,0.9467061161994934,0
2021-03-31T00:00:00.000Z,0.2405063360929489,0.6685185432434082,0.4898935995945999,0.09344250868311227,540,242,0.48972973227500916,0.37628865242004395,0.6091578006744385,0
2021-04-15T00:00:00.000Z,0.46145251393318176,0.8759768009185791,0.6982118950394172,0.08690823933847991,540,242,0.6949760913848877,0.5909850001335144,0.814805269241333,0
2021-04-20T00:00:00.000Z,0.4519398808479309,0.83940589427948,0.6821213796634802,0.0728603498318629,540,242,0.6789044141769409,0.5976081490516663,0.7780458331108093,0
2021-04-25T00:00:00.000Z,0.417677640914917,0.8654995560646057,0.7192641318644455,0.07028913795928363,540,242,0.7132183909416199,0.6453055143356323,0.8135868310928345,0
2021-04-30T00:00:00.000Z,0.5035063028335571,0.870299756526947,0.7466664834310548,0.05943101365965962,540,242,0.7415342330932617,0.6805678606033325,0.8309587836265564,0
2021-05-05T00:00:00.000Z,0.4474053382873535,0.865915060043335,0.7536895633143869,0.05624729743122559,540,242,0.7487409114837646,0.6990231871604919,0.8319255113601685,0
2021-05-10T00:00:00.000Z,0.4808831512928009,0.8478482365608215,0.7546452780897985,0.04726888175327761,540,242,0.7503843903541565,0.7056418657302856,0.8218487501144409,0
2021-05-15T00:00:00.000Z,0.4783207178115845,0.8891820311546326,0.8103646674012182,0.0453364518270279,540,242,0.8124848008155823,0.7698885798454285,0.8629145622253418,0
2021-05-20T00:00:00.000Z,0.536369800567627,0.8816094398498535,0.8153946785718804,0.03811194033924154,540,242,0.8172851204872131,0.7789418697357178,0.8595855832099915,0
2021-05-25T00:00:00.000Z,0.45188283920288086,0.8827123045921326,0.8285556645601386,0.04142757722655444,540,242,0.8351027965545654,0.7975460290908813,0.8681503534317017,0
2021-05-30T00:00:00.000Z,0.5457746386528015,0.8992372751235962,0.8532581549362841,0.03521649419355165,540,242,0.8594837188720703,0.8208954930305481,0.8849802613258362,0
2021-06-04T00:00:00.000Z,0.5283950567245483,0.8902286887168884,0.844815096199112,0.03488948838158067,540,242,0.850354790687561,0.8156704902648926,0.8758113384246826,0
2021-06-09T00:00:00.000Z,0.4960806369781494,0.8835192322731018,0.8384958891660578,0.03679658323022678,540,242,0.844610333442688,0.813206136226654,0.8679667115211487,0
2021-06-14T00:00:00.000Z,0.4192439913749695,0.8278225660324097,0.769707427528881,0.03902644514990922,540,242,0.7763946652412415,0.7448173761367798,0.8000413179397583,0
2021-06-19T00:00:00.000Z,0.5549132823944092,0.8700511455535889,0.8248837052175655,0.028786713491158043,540,242,0.8277877569198608,0.7990665435791016,0.8526095747947693,0
2021-06-24T00:00:00.000Z,0.5269143581390381,0.8921399712562561,0.8473726216978674,0.031330756515742145,540,242,0.8511311411857605,0.8251662254333496,0.8725200295448303,0
2021-06-29T00:00:00.000Z,0.5057862401008606,0.8829684257507324,0.834127049318096,0.03210415723868676,540,242,0.8381088972091675,0.8127681016921997,0.8605955839157104,0
2021-07-04T00:00:00.000Z,0.43589743971824646,0.8225701451301575,0.7740021793034253,0.03529847216514964,540,242,0.779781699180603,0.7464267015457153,0.8023697733879089,0
2021-07-09T00:00:00.000Z,0.5138055086135864,0.861457884311676,0.8188732112414087,0.030373808512450237,540,242,0.8235967755317688,0.7955771088600159,0.8444142937660217,0
2021-07-14T00:00:00.000Z,0.44271570444107056,0.8628158569335938,0.8148801818790055,0.03752091669294145,540,242,0.8208255171775818,0.7950549721717834,0.8428571224212646,0
2021-07-19T00:00:00.000Z,0.5208946466445923,0.8417204022407532,0.7930472443167795,0.029700022485739493,540,242,0.7965692281723022,0.7674801349639893,0.8215082287788391,0
2021-07-24T00:00:00.000Z,0.39571312069892883,0.7226546406745911,0.6591342934626059,0.03594301828693599,540,242,0.664731502532959,0.624758243560791,0.6950416564941406,0
2021-07-29T00:00:00.000Z,0.6081539988517761,0.8528501987457275,0.7996666171406736,0.024224520013909158,540,242,0.8013084530830383,0.777131199836731,0.8266542553901672,0
2021-08-03T00:00:00.000Z,0.5237475633621216,0.8426815867424011,0.7909089894902782,0.02744932542161425,540,242,0.7921302318572998,0.7665113806724548,0.8183962106704712,0
2021-08-08T00:00:00.000Z,0.4997662603855133,0.773822009563446,0.7157052922368845,0.024723066374674346,540,242,0.7180762887001038,0.691881000995636,0.7415115237236023,0
2021-08-13T00:00:00.000Z,0.516883134841919,0.8631026744842529,0.8104491453842827,0.030074046332856944,540,242,0.8121452927589417,0.783665657043457,0.8417559862136841,0
2021-08-18T00:00:00.000Z,0.594974160194397,0.847517728805542,0.7925848200817233,0.025999080837616626,540,242,0.7934191823005676,0.7649062871932983,0.8237351179122925,0
2021-08-23T00:00:00.000Z,0.4756651520729065,0.8085461854934692,0.7367993949243686,0.031180938274489676,540,242,0.7373233437538147,0.7063058018684387,0.7719932794570923,0
2021-08-28T00:00:00.000Z,0.3682151734828949,0.694759726524353,0.6185132373099357,0.031904519361199174,540,242,0.618166983127594,0.5933275818824768,0.6532054543495178,0
2021-09-02T00:00:00.000Z,0.5277361273765564,0.8396501541137695,0.7740526649375887,0.030083707082767603,540,242,0.7736389636993408,0.7453161478042603,0.8096207976341248,0
2021-09-07T00:00:00.000Z,0.4763374626636505,0.8033326268196106,0.7280044018622213,0.035365322595260165,540,242,0.7306201457977295,0.6894441843032837,0.765292227268219,0
2021-09-12T00:00:00.000Z,0.4577672779560089,0.7871174216270447,0.7089235217579257,0.03326083014166359,540,242,0.7069501876831055,0.6788496375083923,0.750886082649231,0
2021-09-17T00:00:00.000Z,0.5053272247314453,0.8308605551719666,0.7628803193169156,0.034489998900884195,540,242,0.7618261575698853,0.7249782681465149,0.8066878318786621,0
2021-09-22T00:00:00.000Z,0.40608465671539307,0.7811930179595947,0.6907164956499269,0.03846809335822578,540,242,0.6896111965179443,0.6551187038421631,0.7350326180458069,0
2021-09-27T00:00:00.000Z,-0.3421596884727478,0.5533583164215088,0.17467014046484325,0.12195188453043868,540,242,0.18072867393493652,0.02087475173175335,0.319396048784256,3.02013422818792
2021-10-02T00:00:00.000Z,0.17768594622612,0.7275667190551758,0.5361061617732049,0.07876637295874063,540,242,0.5465529561042786,0.4359281361103058,0.6161616444587708,0
2021-10-07T00:00:00.000Z,0.48981133103370667,0.8471647500991821,0.7466508611136633,0.04145763157253152,540,242,0.7408857941627502,0.7037500143051147,0.7986498475074768,0
2021-10-17T00:00:00.000Z,0.427278608083725,0.7758438587188721,0.6661804967478618,0.04693232829567972,540,242,0.6563071012496948,0.617786169052124,0.7277108430862427,0
2021-10-22T00:00:00.000Z,0.46837350726127625,0.805380642414093,0.6875105397213226,0.04827948726681459,540,242,0.6782670617103577,0.6348914504051208,0.7503723502159119,0
2021-10-27T00:00:00.000Z,0.32710281014442444,0.7569839954376221,0.6470805437572847,0.05607109882728146,540,242,0.6418654322624207,0.5960887670516968,0.7167685627937317,0
2021-11-06T00:00:00.000Z,0.4251607060432434,0.8162544369697571,0.6970653242912871,0.05608540400277011,540,242,0.6863653659820557,0.6375939846038818,0.7737467288970947,0
2021-11-11T00:00:00.000Z,0.3901345431804657,0.7908177375793457,0.6685334181025531,0.05655550521549787,540,242,0.6617274880409241,0.6061400175094604,0.748616099357605,0
2021-11-16T00:00:00.000Z,0.39214232563972473,0.7668112516403198,0.6408062610250187,0.05046332239795281,540,242,0.6349784731864929,0.5821993350982666,0.7083091139793396,0
2021-11-21T00:00:00.000Z,-0.06873822957277298,0.5546334981918335,0.22644882201511685,0.1780980033737089,540,242,0.20310981571674347,0.007299270015209913,0.46423134207725525,0.6711409395973154
2021-12-06T00:00:00.000Z,0.45528456568717957,0.7723314762115479,0.6519728734989295,0.06243085521953685,540,242,0.6443458795547485,0.5767421722412109,0.7422818541526794,0
2021-12-11T00:00:00.000Z,0.34084880352020264,0.6690433621406555,0.5518992995255749,0.055371686484278045,540,242,0.5451480150222778,0.4894917905330658,0.6289373636245728,0
2021-12-26T00:00:00.000Z,0.39004525542259216,0.7518848776817322,0.6150039748457454,0.0649714960468097,540,242,0.610786497592926,0.5349514484405518,0.7028875350952148,0
2021-12-31T00:00:00.000Z,0.07725322246551514,0.6515040397644043,0.4775600776376346,0.10322026616285954,540,242,0.49175211787223816,0.3303389251232147,0.6035834550857544,0
2022-01-10T00:00:00.000Z,0.352812260389328,0.6666666865348816,0.5347842404106318,0.06680397537281986,540,242,0.531112015247345,0.4472789168357849,0.6246312856674194,0
2022-01-20T00:00:00.000Z,-0.04545454680919647,0.8126843571662903,0.6067819856857288,0.09466399207838322,540,242,0.6059301495552063,0.49232158064842224,0.7121644616127014,0
2022-01-25T00:00:00.000Z,0.35077792406082153,0.6911764740943909,0.5650566486304244,0.0696764668484331,540,242,0.568837583065033,0.4640718698501587,0.6517667174339294,0
2022-01-30T00:00:00.000Z,0.08128544688224792,0.6892634630203247,0.5540177189563744,0.09678901553336514,540,242,0.5693979859352112,0.4385569393634796,0.6512045860290527,0
2022-02-09T00:00:00.000Z,0.07894736528396606,0.6653091311454773,0.5399919407279702,0.09704624751616786,540,242,0.5570640563964844,0.4027431309223175,0.6404494643211365,0
2022-02-24T00:00:00.000Z,0.24754098057746887,0.5461584329605103,0.40589384354600966,0.05990790616939782,540,242,0.4078528583049774,0.32281553745269775,0.4859638214111328,0
2022-03-01T00:00:00.000Z,0.3166666626930237,0.699999988079071,0.5262112182458775,0.07284905980309768,540,242,0.5282511115074158,0.4221079647541046,0.6198757886886597,0
2022-03-11T00:00:00.000Z,0.6470588445663452,1,0.9283738760340138,0.08506791259244181,540,242,0.9740259647369385,0.8223234415054321,1,0
2022-03-16T00:00:00.000Z,0.30191609263420105,0.7703064680099487,0.5724079396900716,0.08477234410351775,540,242,0.5741350650787354,0.4662226438522339,0.6850234866142273,0
2022-03-21T00:00:00.000Z,0.3048925995826721,0.5873588919639587,0.45275154589806643,0.050472636320617166,540,242,0.4471934139728546,0.3904486298561096,0.5225352048873901,0
2022-03-26T00:00:00.000Z,0.2605123221874237,0.8002699017524719,0.5869864858436903,0.09655856934657071,540,242,0.5894511938095093,0.46268656849861145,0.7175472974777222,0
2022-03-31T00:00:00.000Z,0.34312525391578674,0.8086124658584595,0.6158066174927973,0.09288181082311707,540,242,0.6197230815887451,0.4956377148628235,0.7428571581840515,0
2022-04-10T00:00:00.000Z,0.42889997363090515,0.8812292218208313,0.6999999458757821,0.10079621259175463,540,242,0.7017696499824524,0.5663591027259827,0.842523455619812,1.0067114093959724
2022-04-15T00:00:00.000Z,0.43901556730270386,0.9122340679168701,0.7249078477589079,0.10120671981551183,540,242,0.7294498085975647,0.5935786962509155,0.8637022972106934,0
2022-04-20T00:00:00.000Z,0.4801466166973114,0.9358161687850952,0.7700201473980145,0.08829014189166136,540,242,0.7672176361083984,0.6628329157829285,0.8916139006614685,0
2022-04-25T00:00:00.000Z,0.47166362404823303,0.8277708888053894,0.6769777084356993,0.07106194123186377,540,242,0.6733904480934143,0.5913331508636475,0.7797874808311462,0
2022-04-30T00:00:00.000Z,0.31132972240448,0.5924603343009949,0.4981447223248896,0.04668023125062508,540,242,0.4951590597629547,0.44262295961380005,0.5681358575820923,0
2022-05-05T00:00:00.000Z,0.48731884360313416,0.8255515694618225,0.7150571003256231,0.05591364726014593,540,242,0.7179206013679504,0.6444209814071655,0.7917233109474182,0
2022-05-10T00:00:00.000Z,0.5925350189208984,0.9435632824897766,0.8422854390720395,0.05077519308260939,540,242,0.8476284146308899,0.7771226167678833,0.903939962387085,0
2022-05-15T00:00:00.000Z,0.3863345980644226,0.6463996767997742,0.5793375570902085,0.03287484831340482,540,242,0.5857832431793213,0.5374149680137634,0.6120486855506897,0
2022-05-20T00:00:00.000Z,0.6946938633918762,0.9031921625137329,0.8309790934092242,0.04052045645435046,540,242,0.8384902477264404,0.7766445875167847,0.8763538002967834,0
2022-05-25T00:00:00.000Z,0.6898024678230286,0.9016454815864563,0.8336187853109115,0.04333217340908162,540,242,0.8447774648666382,0.77131187915802,0.8782961368560791,0
2022-05-30T00:00:00.000Z,0.5687844157218933,0.8545250296592712,0.7801321492899186,0.04437962411154623,540,242,0.7926148772239685,0.7178927063941956,0.8220698237419128,0
2022-06-04T00:00:00.000Z,0.7019927501678467,0.8952941298484802,0.8307688422251068,0.04112787121552906,540,242,0.8412297368049622,0.7680079340934753,0.8726415038108826,0
2022-06-09T00:00:00.000Z,0.659103512763977,0.8914297819137573,0.8228143379592255,0.03931561207613352,540,242,0.8310826420783997,0.7624521255493164,0.8624864816665649,0
2022-06-14T00:00:00.000Z,0.6192209720611572,0.8250044584274292,0.7583146105276661,0.036217953706808186,540,242,0.7674146294593811,0.7038763165473938,0.797564685344696,0
2022-06-19T00:00:00.000Z,0.6910033226013184,0.885850191116333,0.8245972112921255,0.03518380428272294,540,242,0.8320679068565369,0.7717601656913757,0.864267110824585,0
2022-06-24T00:00:00.000Z,0.672797679901123,0.8744889497756958,0.8146500345444522,0.03310238919085513,540,242,0.8213750123977661,0.7642980813980103,0.8502563834190369,0
2022-06-29T00:00:00.000Z,0.6283590793609619,0.8786377906799316,0.8204525993174355,0.03242078830144111,540,242,0.8277019262313843,0.7755587100982666,0.8555482625961304,0
2022-07-04T00:00:00.000Z,0.638598620891571,0.8907634019851685,0.8229852722795219,0.031514859216166216,540,242,0.826886773109436,0.7801932096481323,0.8599913120269775,0
2022-07-09T00:00:00.000Z,0.5461817979812622,0.8751999735832214,0.8198180296677076,0.033488030985731145,540,242,0.8223639130592346,0.7825106382369995,0.8579906821250916,0
2022-07-14T00:00:00.000Z,0.5842245817184448,0.8962900638580322,0.82199683085384,0.03293829327405817,540,242,0.823949933052063,0.7849847078323364,0.8597122430801392,0
2022-07-19T00:00:00.000Z,0.5644444227218628,0.8754578828811646,0.8100243970851772,0.03214141549140957,540,242,0.8104848861694336,0.7755410075187683,0.8485915660858154,0
2022-07-24T00:00:00.000Z,0.6189811825752258,0.8835784196853638,0.8184166600640188,0.030255822119227012,540,242,0.818906843662262,0.7865384817123413,0.8567046523094177,0
2022-07-29T00:00:00.000Z,0.6070941090583801,0.8753398656845093,0.8009211817043735,0.030981968068555014,540,242,0.8008159399032593,0.767579197883606,0.8380714058876038,0
2022-08-03T00:00:00.000Z,0.6647905111312866,0.873115599155426,0.7964915671204563,0.029805301322326713,540,242,0.793809175491333,0.7626734375953674,0.8374175429344177,0
2022-08-08T00:00:00.000Z,0.5400927662849426,0.8314953446388245,0.7640297410872159,0.0314976849239055,540,242,0.7614775896072388,0.7312880158424377,0.8043319582939148,0
2022-08-13T00:00:00.000Z,0.6182048320770264,0.8673447966575623,0.7903253086061286,0.03135857199970631,540,242,0.7865731716156006,0.7569880485534668,0.833734929561615,0
2022-08-18T00:00:00.000Z,0.5924680829048157,0.8499234318733215,0.7682642314658066,0.033166955259627776,540,242,0.7673174738883972,0.7324874401092529,0.8103878498077393,0
2022-08-23T00:00:00.000Z,0.4811428487300873,0.7996841669082642,0.7170333093244755,0.036633067228354334,540,242,0.7157120108604431,0.6795952916145325,0.7661656141281128,0
2022-08-28T00:00:00.000Z,0.5062872171401978,0.8250969052314758,0.7372262325862907,0.04095912018731401,540,242,0.735931932926178,0.6893482804298401,0.7926290035247803,0
2022-09-02T00:00:00.000Z,0.4467065930366516,0.7893297076225281,0.6938245592501341,0.04283301533233879,540,242,0.6915005445480347,0.6450122594833374,0.7505481243133545,0
2022-09-07T00:00:00.000Z,0.4949614703655243,0.8078393936157227,0.7110950521774737,0.042670333571088494,540,242,0.713383138179779,0.6603553891181946,0.7678617238998413,0
2022-09-12T00:00:00.000Z,0.6219421625137329,0.8730695247650146,0.7758349430241044,0.043418318895898735,540,242,0.777209997177124,0.7209022641181946,0.836287796497345,0
2022-09-17T00:00:00.000Z,0.5839999914169312,0.8743848204612732,0.7719130760071262,0.044385826684654295,540,242,0.7742331027984619,0.7141956090927124,0.8314879536628723,0
2022-09-27T00:00:00.000Z,0.6308186054229736,0.8691456913948059,0.7672506106779878,0.04628995969490704,540,242,0.7675489187240601,0.7059569358825684,0.8299888372421265,0
2022-10-02T00:00:00.000Z,0.534683883190155,0.8266990184783936,0.7259356071484967,0.0458947602524544,540,242,0.7259088158607483,0.6625387072563171,0.7865533828735352,0
2022-10-12T00:00:00.000Z,0.4799554646015167,0.785818338394165,0.6793746655219353,0.04772288209809741,540,242,0.6795511245727539,0.6219269037246704,0.7405133843421936,0
2022-10-17T00:00:00.000Z,0.4118930697441101,0.7342143654823303,0.6138056796669162,0.048128952131278595,540,242,0.6130346059799194,0.554233729839325,0.6751006245613098,0
2022-10-27T00:00:00.000Z,0.4262579381465912,0.7206844687461853,0.6068194870580762,0.046174105517503304,540,242,0.6060426831245422,0.5537539720535278,0.6690865159034729,0
2022-11-01T00:00:00.000Z,0.4833333194255829,0.7178533673286438,0.6077249130146617,0.04625779419279184,540,242,0.6078922748565674,0.5475364327430725,0.6671344637870789,0
2022-11-06T00:00:00.000Z,0.45068493485450745,0.7356114983558655,0.6259690828171355,0.04869920887159011,540,242,0.6263020634651184,0.5673374533653259,0.684684693813324,0
2022-11-11T00:00:00.000Z,0.5913556218147278,0.8038864135742188,0.6892664940565223,0.05099105904094555,540,242,0.6859765648841858,0.6228430271148682,0.7604026794433594,0
2022-11-26T00:00:00.000Z,0.5095541477203369,0.7893258333206177,0.6770247260996156,0.050585127991331386,540,242,0.6699029207229614,0.6182708144187927,0.7472000122070312,0
2022-12-06T00:00:00.000Z,0.3445143401622772,0.665739893913269,0.5608387766468447,0.04811623396108686,540,242,0.564752995967865,0.5001992583274841,0.6246964931488037,0
2022-12-11T00:00:00.000Z,0.3808823525905609,0.6709108948707581,0.5700083673000335,0.04734408765833875,540,242,0.5716694593429565,0.510688841342926,0.6287782192230225,0
2022-12-16T00:00:00.000Z,0.37366002798080444,0.6569395065307617,0.5657842615306777,0.04926217272557357,540,242,0.5684647560119629,0.5004721283912659,0.6290322542190552,0
2022-12-21T00:00:00.000Z,0.22269503772258759,0.6227296590805054,0.5089210897384071,0.05427496240055978,540,242,0.5053468346595764,0.44800448417663574,0.5787535905838013,0
2023-01-10T00:00:00.000Z,0.2718964219093323,0.6473810076713562,0.533033572087352,0.05449009466840538,540,242,0.536798357963562,0.4716406464576721,0.5983903408050537,0
2023-01-20T00:00:00.000Z,0.24376200139522552,0.6921314001083374,0.5474499637548556,0.06674236383171837,540,242,0.5503329634666443,0.4747474789619446,0.6286492943763733,0
2023-01-25T00:00:00.000Z,0.24029575288295746,0.6249496936798096,0.5117494364412843,0.05954033403765914,540,242,0.5121951103210449,0.4411645829677582,0.5901639461517334,0
2023-01-30T00:00:00.000Z,0.29411765933036804,0.6795146465301514,0.541529411137504,0.06538169485234743,540,242,0.5444444417953491,0.45682889223098755,0.6253002285957336,0
2023-02-04T00:00:00.000Z,0.10015174746513367,0.43320849537849426,0.22130697650597392,0.060031031755590415,540,242,0.21064814925193787,0.15557682514190674,0.3041096031665802,0
2023-02-09T00:00:00.000Z,-0.1784733682870865,0.6717348694801331,0.5090356266513566,0.10152986626299568,540,242,0.5197628736495972,0.4284263849258423,0.6086956262588501,0
2023-02-14T00:00:00.000Z,0.16693419218063354,0.6176694631576538,0.47297696129187605,0.06819057056421855,540,242,0.4777117371559143,0.39889416098594666,0.5572519302368164,0
2023-02-19T00:00:00.000Z,0.06086956337094307,0.6156491637229919,0.486879142026273,0.07322189429788854,540,242,0.49269792437553406,0.40510544180870056,0.5760827660560608,0
2023-02-24T00:00:00.000Z,0.2044522613286972,0.5725246667861938,0.44419528743964704,0.059610078187459066,540,242,0.4471065104007721,0.371498167514801,0.5242390036582947,0
2023-03-01T00:00:00.000Z,0.26081582903862,0.5990046262741089,0.4590145687528905,0.06233360655052339,540,242,0.4568965435028076,0.38388174772262573,0.5489964485168457,0
2023-03-11T00:00:00.000Z,0.2879121005535126,0.6890848875045776,0.5131941813750558,0.08119715647875501,540,242,0.5094505548477173,0.41161826252937317,0.6230801343917847,0
2023-03-16T00:00:00.000Z,0.31001588702201843,0.7198776602745056,0.5399692099566424,0.08957284151687014,540,242,0.5371489524841309,0.4234345853328705,0.6605981588363647,0
2023-03-21T00:00:00.000Z,0.04964539036154747,0.7866109013557434,0.5824558106719846,0.11274677286686265,540,242,0.5885961651802063,0.4465894401073456,0.7197870016098022,0
2023-03-26T00:00:00.000Z,0.3016800582408905,0.8248263597488403,0.6243120834931429,0.10351246147572253,540,242,0.6324248909950256,0.492404580116272,0.762408971786499,0
2023-03-31T00:00:00.000Z,0.3841693103313446,0.8586874604225159,0.6583584887069343,0.10001998461094513,540,242,0.6630247235298157,0.5353856086730957,0.7942458391189575,0
2023-04-05T00:00:00.000Z,0.39364302158355713,0.9053950309753418,0.6955357980008089,0.11021422720463685,540,242,0.7000285387039185,0.5581560134887695,0.8401237726211548,0
2023-04-25T00:00:00.000Z,0.578322172164917,0.9474890828132629,0.7770318572953245,0.080345519400341,540,242,0.7701283693313599,0.6769993901252747,0.8868482112884521,0
2023-05-05T00:00:00.000Z,0.4553191363811493,0.8531923294067383,0.728037811465711,0.05851939817743737,540,242,0.7275404930114746,0.6594538688659668,0.8102856874465942,0
2023-05-10T00:00:00.000Z,0.6157495379447937,0.9401854872703552,0.8206063344974646,0.06153213418213944,540,242,0.8272380232810974,0.7357203960418701,0.90166175365448,0
2023-05-15T00:00:00.000Z,0.5443864464759827,0.9171281456947327,0.8047906054346353,0.055320125518315215,540,242,0.8116698265075684,0.731253445148468,0.8755256533622742,0
2023-05-25T00:00:00.000Z,0.43746110796928406,0.8786062002182007,0.7907983531687882,0.050731429770416225,540,242,0.7995305061340332,0.7345947623252869,0.8454206585884094,0
2023-05-30T00:00:00.000Z,0.581632673740387,0.8626300692558289,0.7956355950176315,0.04177538062971549,540,242,0.804147481918335,0.73779296875,0.8399999737739563,0
2023-06-04T00:00:00.000Z,0.4825174808502197,0.8558695316314697,0.7973340670734443,0.04419791021953714,540,242,0.8066620230674744,0.7419999837875366,0.8387029767036438,0
2023-06-14T00:00:00.000Z,0.5836101770401001,0.8780120611190796,0.8302901281206396,0.03242943017122068,540,242,0.8381801247596741,0.7895210385322571,0.8593370914459229,0
2023-06-24T00:00:00.000Z,0.6006355881690979,0.8817245364189148,0.8368804418800664,0.03141185415095549,540,242,0.8436821699142456,0.8035967946052551,0.8649628162384033,0
2023-06-29T00:00:00.000Z,0.5420875549316406,0.8295454382896423,0.7850625138954826,0.03191402882382424,540,242,0.79107266664505,0.7556300759315491,0.8148528933525085,0
2023-07-04T00:00:00.000Z,0.5465537905693054,0.862548291683197,0.8209016841129974,0.031965426302678596,540,242,0.826301634311676,0.7928465008735657,0.8496240377426147,0
2023-07-09T00:00:00.000Z,0.4898262917995453,0.8051974773406982,0.7566710039473218,0.0324091486486033,540,242,0.7604143023490906,0.7284136414527893,0.788004994392395,0
2023-07-14T00:00:00.000Z,0.5724496245384216,0.8702260255813599,0.8192725643615586,0.033061579410141075,540,242,0.8231625556945801,0.79410320520401,0.8514121770858765,0
2023-07-19T00:00:00.000Z,0.5819509029388428,0.8687993288040161,0.8173761743827149,0.03109403431038983,540,242,0.8198581337928772,0.7867262959480286,0.8517357110977173,0
2023-07-24T00:00:00.000Z,0.574999988079071,0.8637418150901794,0.8090297769780125,0.029910061911893597,540,242,0.8105901479721069,0.7805562615394592,0.8425093293190002,0
2023-07-29T00:00:00.000Z,0.6040955781936646,0.8623310923576355,0.7973981057637494,0.028214774032592232,540,242,0.7983313202857971,0.7662885785102844,0.8306636214256287,0
2023-08-03T00:00:00.000Z,0.6183606386184692,0.8648467063903809,0.8079210341776778,0.02902462737746183,540,242,0.8077769875526428,0.7723409533500671,0.8454322218894958,0
2023-08-08T00:00:00.000Z,0.5542046427726746,0.8046150803565979,0.7413605537590565,0.029267072991968797,540,242,0.739279568195343,0.7072784900665283,0.7790881991386414,0
2023-08-18T00:00:00.000Z,0.5262383818626404,0.7659232020378113,0.7001678347587589,0.029808662786326046,540,242,0.7010174989700317,0.6641646027565002,0.73524409532547,0
2023-08-23T00:00:00.000Z,0.5521064400672913,0.8108484148979187,0.7467432976169075,0.03145708434664733,540,242,0.7480229139328003,0.7111477255821228,0.7851924300193787,0
2023-09-02T00:00:00.000Z,0.598694920539856,0.8264560103416443,0.7492373271676519,0.032806030044587695,540,242,0.7516760230064392,0.7058999538421631,0.7896333932876587,0
2023-09-07T00:00:00.000Z,0.681267499923706,0.859808623790741,0.7841170490188086,0.03342746458061328,540,242,0.7842758893966675,0.742671012878418,0.827534019947052,0
2023-09-12T00:00:00.000Z,0.48470884561538696,0.699999988079071,0.6302871206062756,0.030085678645336955,540,242,0.6309199929237366,0.5915762782096863,0.6692206263542175,0
2023-09-17T00:00:00.000Z,0.6719405651092529,0.8669745922088623,0.7876444390956189,0.03586155608951168,540,242,0.7890580892562866,0.7395894527435303,0.8319672346115112,0
2023-09-22T00:00:00.000Z,0.6269499063491821,0.820858895778656,0.7360552301342853,0.03556441822643661,540,242,0.7381085753440857,0.6917497515678406,0.782010555267334,0
2023-09-27T00:00:00.000Z,0.6491228342056274,0.8468533158302307,0.763559498642916,0.03902340277505693,540,242,0.7633135914802551,0.7125382423400879,0.8167939186096191,0
2023-10-12T00:00:00.000Z,0.5848375558853149,0.7922213673591614,0.6995866228670087,0.042368896660311316,540,242,0.6956097483634949,0.6507192850112915,0.7577796578407288,0
2023-10-17T00:00:00.000Z,0.5971277356147766,0.8318397402763367,0.7154647493922474,0.04808419520757785,540,242,0.713123083114624,0.6610169410705566,0.782778263092041,0
2023-10-22T00:00:00.000Z,0.4458576738834381,0.6594427227973938,0.5509131856812727,0.041558008244410166,540,242,0.5462237596511841,0.5022507905960083,0.6099537014961243,0
2023-11-01T00:00:00.000Z,0.5688273906707764,0.8368544578552246,0.7174396106860779,0.05353339691521026,540,242,0.7133934497833252,0.6522301435470581,0.788627564907074,0
2023-11-16T00:00:00.000Z,0.5583733916282654,0.8254908323287964,0.6937967828856224,0.06140570796445457,540,242,0.692764401435852,0.6214025020599365,0.783763587474823,0
2023-11-21T00:00:00.000Z,0.5416322946548462,0.8642773032188416,0.7210265778055126,0.06870930121676544,540,242,0.7211704254150391,0.6400541067123413,0.8161592483520508,0
2023-11-26T00:00:00.000Z,0.40899357199668884,0.6781690120697021,0.5497472626250859,0.05115632775587226,540,242,0.5513488054275513,0.47914546728134155,0.6192982196807861,0
2023-12-01T00:00:00.000Z,0.5112179517745972,0.814003586769104,0.6869882813236057,0.06445608650531864,540,242,0.6860564351081848,0.6084745526313782,0.7785016298294067,0
2023-12-06T00:00:00.000Z,0.4312727153301239,0.7689193487167358,0.6323411857721795,0.062371600255973235,540,242,0.6332203149795532,0.5549318194389343,0.7123123407363892,0
2023-12-11T00:00:00.000Z,0.4401952922344208,0.7566820383071899,0.6192166949278557,0.06251637905739486,540,242,0.6217391490936279,0.540271520614624,0.7017937302589417,0
2023-12-26T00:00:00.000Z,0.3891402781009674,0.7898039221763611,0.6630153571999312,0.06532815027524788,540,242,0.6687684059143066,0.5770882964134216,0.7407718300819397,0
2023-12-31T00:00:00.000Z,0.3651551306247711,0.6995736360549927,0.5857532949455634,0.05570522627296544,540,242,0.5905796885490417,0.5165767073631287,0.6565452218055725,0
2024-01-15T00:00:00.000Z,0.2839707136154175,0.7375690340995789,0.6083341291886852,0.06573660367012052,540,242,0.6199095249176025,0.5343869924545288,0.6869693398475647,0
2024-01-20T00:00:00.000Z,0.14953270554542542,0.6976076364517212,0.5781145670870005,0.07401415483283748,540,242,0.5892443060874939,0.5002560019493103,0.6578482985496521,0
2024-02-09T00:00:00.000Z,0.15887850522994995,0.664962649345398,0.5425097147290343,0.07330981892156767,540,242,0.5532994866371155,0.46463653445243835,0.6257035732269287,0
2024-02-29T00:00:00.000Z,0.3549019694328308,0.6589940190315247,0.5396519916369611,0.06290118416275371,540,242,0.5421052575111389,0.4594127833843231,0.6251046061515808,1.0067114093959728
2024-03-05T00:00:00.000Z,0.35176992416381836,0.6820276379585266,0.5486417137736438,0.06907144768300061,540,242,0.5546942353248596,0.45661234855651855,0.639930248260498,0